{
	"partitions" : [
		{
			"name" : "Top",
			"pins" : [
				{
					"name" : "LEDs[0]",
					"strict" : false
				},
				{
					"name" : "LEDs[1]",
					"strict" : false
				},
				{
					"name" : "LEDs[2]",
					"strict" : false
				},
				{
					"name" : "LEDs[3]",
					"strict" : false
				},
				{
					"name" : "LEDs[4]",
					"strict" : false
				},
				{
					"name" : "LEDs[5]",
					"strict" : false
				},
				{
					"name" : "LEDs[6]",
					"strict" : false
				},
				{
					"name" : "LEDs[7]",
					"strict" : false
				},
				{
					"name" : "HEX0[0]",
					"strict" : false
				},
				{
					"name" : "HEX0[1]",
					"strict" : false
				},
				{
					"name" : "HEX0[2]",
					"strict" : false
				},
				{
					"name" : "HEX0[3]",
					"strict" : false
				},
				{
					"name" : "HEX1[0]",
					"strict" : false
				},
				{
					"name" : "HEX1[1]",
					"strict" : false
				},
				{
					"name" : "HEX1[3]",
					"strict" : false
				},
				{
					"name" : "HEX1[4]",
					"strict" : false
				},
				{
					"name" : "HEX1[5]",
					"strict" : false
				},
				{
					"name" : "HEX2[0]",
					"strict" : false
				},
				{
					"name" : "HEX2[1]",
					"strict" : false
				},
				{
					"name" : "HEX2[2]",
					"strict" : false
				},
				{
					"name" : "HEX2[5]",
					"strict" : false
				},
				{
					"name" : "HEX3[0]",
					"strict" : false
				},
				{
					"name" : "HEX3[1]",
					"strict" : false
				},
				{
					"name" : "HEX3[2]",
					"strict" : false
				},
				{
					"name" : "HEX3[6]",
					"strict" : false
				},
				{
					"name" : "HEX6[0]",
					"strict" : false
				},
				{
					"name" : "HEX6[1]",
					"strict" : false
				},
				{
					"name" : "HEX6[2]",
					"strict" : false
				},
				{
					"name" : "HEX6[3]",
					"strict" : false
				},
				{
					"name" : "HEX6[4]",
					"strict" : false
				},
				{
					"name" : "HEX6[5]",
					"strict" : false
				},
				{
					"name" : "HEX6[6]",
					"strict" : false
				},
				{
					"name" : "HEX7[0]",
					"strict" : false
				},
				{
					"name" : "HEX7[1]",
					"strict" : false
				},
				{
					"name" : "HEX7[2]",
					"strict" : false
				},
				{
					"name" : "HEX7[3]",
					"strict" : false
				},
				{
					"name" : "HEX7[4]",
					"strict" : false
				},
				{
					"name" : "HEX7[5]",
					"strict" : false
				},
				{
					"name" : "HEX7[6]",
					"strict" : false
				},
				{
					"name" : "clk_50mhz",
					"strict" : false
				},
				{
					"name" : "reset",
					"strict" : false
				},
				{
					"name" : "KEYs[0]",
					"strict" : false
				},
				{
					"name" : "KEYs[2]",
					"strict" : false
				},
				{
					"name" : "KEYs[3]",
					"strict" : false
				},
				{
					"name" : "KEYs[1]",
					"strict" : false
				}
			]
		}
	]
}